X,CH1,CH2,CH3,Start,Increment,
Sequence,Volt,Volt,Volt,-1.200000e-03,2.000000e-06
0,4.00e-03,-1.20e+00,4.40e-03,
1,-4.00e-03,-1.24e+00,5.00e-03,
2,4.00e-03,-1.24e+00,4.80e-03,
3,-4.00e-03,-1.12e+00,4.00e-03,
4,4.00e-03,-1.12e+00,4.60e-03,
5,-4.00e-03,-1.24e+00,4.00e-03,
6,4.00e-03,-1.24e+00,4.60e-03,
7,-4.00e-03,-1.12e+00,3.80e-03,
8,4.00e-03,-1.16e+00,3.80e-03,
9,-4.00e-03,-1.24e+00,4.40e-03,
10,4.00e-03,-1.16e+00,3.80e-03,
11,-4.00e-03,-1.16e+00,4.40e-03,
12,4.00e-03,-1.16e+00,3.80e-03,
13,-4.00e-03,-1.16e+00,4.20e-03,
14,-4.00e-03,-1.16e+00,3.80e-03,
15,4.00e-03,-1.08e+00,4.20e-03,
16,-4.00e-03,-1.16e+00,4.20e-03,
17,4.00e-03,-1.08e+00,3.60e-03,
18,-4.00e-03,-1.08e+00,3.40e-03,
19,4.00e-03,-1.12e+00,4.00e-03,
20,4.00e-03,-1.08e+00,3.40e-03,
21,-4.00e-03,-1.12e+00,3.80e-03,
22,4.00e-03,-1.12e+00,3.40e-03,
23,-4.00e-03,-1.08e+00,4.00e-03,
24,-4.00e-03,-1.12e+00,3.60e-03,
25,4.00e-03,-1.04e+00,3.20e-03,
26,4.00e-03,-1.00e+00,3.80e-03,
27,-4.00e-03,-1.08e+00,3.00e-03,
28,4.00e-03,-1.04e+00,3.40e-03,
29,-4.00e-03,-1.00e+00,2.60e-03,
30,-4.00e-03,-1.04e+00,3.20e-03,
31,4.00e-03,-9.60e-01,2.60e-03,
32,4.00e-03,-1.04e+00,3.00e-03,
33,-4.00e-03,-9.60e-01,2.40e-03,
34,-4.00e-03,-9.60e-01,2.40e-03,
35,4.00e-03,-1.00e+00,3.00e-03,
36,-4.00e-03,-9.60e-01,3.00e-03,
37,4.00e-03,-1.00e+00,2.20e-03,
38,-4.00e-03,-1.00e+00,2.80e-03,
39,4.00e-03,-8.80e-01,2.20e-03,
40,-4.00e-03,-9.60e-01,2.60e-03,
41,4.00e-03,-8.80e-01,2.00e-03,
42,-4.00e-03,-9.20e-01,1.80e-03,
43,0.00e+00,-8.40e-01,2.40e-03,
44,0.00e+00,-8.40e-01,2.00e-03,
45,-4.00e-03,-9.20e-01,1.60e-03,
46,0.00e+00,-8.40e-01,1.60e-03,
47,-4.00e-03,-8.80e-01,2.00e-03,
48,4.00e-03,-8.80e-01,2.40e-03,
49,-4.00e-03,-7.60e-01,1.60e-03,
50,-4.00e-03,-7.60e-01,2.00e-03,
51,4.00e-03,-8.40e-01,1.40e-03,
52,0.00e+00,-8.00e-01,1.80e-03,
53,-4.00e-03,-7.20e-01,1.20e-03,
54,-4.00e-03,-7.20e-01,1.60e-03,
55,0.00e+00,-8.00e-01,1.00e-03,
56,0.00e+00,-7.20e-01,1.40e-03,
57,-8.00e-03,-7.60e-01,8.00e-04,
58,0.00e+00,-7.60e-01,1.40e-03,
59,-4.00e-03,-6.40e-01,8.00e-04,
60,0.00e+00,-6.80e-01,1.20e-03,
61,-4.00e-03,-6.40e-01,6.00e-04,
62,-4.00e-03,-6.80e-01,1.20e-03,
63,0.00e+00,-6.00e-01,4.00e-04,
64,0.00e+00,-6.00e-01,1.00e-03,
65,-4.00e-03,-6.40e-01,2.00e-04,
66,-8.00e-03,-6.40e-01,0.00e+00,
67,0.00e+00,-5.20e-01,6.00e-04,
68,0.00e+00,-6.00e-01,4.00e-04,
69,-8.00e-03,-5.20e-01,-2.00e-04,
70,0.00e+00,-5.60e-01,4.00e-04,
71,-8.00e-03,-5.20e-01,-2.00e-04,
72,0.00e+00,-5.60e-01,2.00e-04,
73,-8.00e-03,-4.80e-01,-4.00e-04,
74,0.00e+00,-4.80e-01,-4.00e-04,
75,-8.00e-03,-4.80e-01,2.00e-04,
76,0.00e+00,-4.80e-01,0.00e+00,
77,-8.00e-03,-4.00e-01,-6.00e-04,
78,0.00e+00,-4.00e-01,-4.00e-04,
79,-8.00e-03,-4.40e-01,-1.00e-03,
80,0.00e+00,-4.40e-01,-6.00e-04,
81,-8.00e-03,-3.60e-01,-1.20e-03,
82,0.00e+00,-3.60e-01,-1.40e-03,
83,-8.00e-03,-3.60e-01,-6.00e-04,
84,0.00e+00,-3.60e-01,-8.00e-04,
85,-8.00e-03,-2.80e-01,-1.40e-03,
86,0.00e+00,-3.20e-01,-1.00e-03,
87,-8.00e-03,-2.80e-01,-1.40e-03,
88,0.00e+00,-3.20e-01,-1.20e-03,
89,-8.00e-03,-2.40e-01,-1.80e-03,
90,0.00e+00,-2.40e-01,-1.60e-03,
91,-8.00e-03,-2.00e-01,-2.20e-03,
92,0.00e+00,-2.40e-01,-1.80e-03,
93,-8.00e-03,-1.60e-01,-2.40e-03,
94,-4.00e-03,-1.60e-01,-1.80e-03,
95,-8.00e-03,-2.40e-01,-2.40e-03,
96,-8.00e-03,-2.00e-01,-2.00e-03,
97,0.00e+00,-8.00e-02,-2.60e-03,
98,-8.00e-03,-1.20e-01,-2.60e-03,
99,0.00e+00,-8.00e-02,-2.00e-03,
100,-8.00e-03,-1.20e-01,-2.20e-03,
101,-4.00e-03,-4.00e-02,-3.00e-03,
102,-4.00e-03,-8.00e-02,-2.60e-03,
103,-8.00e-03,4.00e-02,-3.40e-03,
104,-4.00e-03,4.00e-02,-2.60e-03,
105,-8.00e-03,-8.00e-02,-3.20e-03,
106,-4.00e-03,0.00e+00,-2.80e-03,
107,-1.20e-02,8.00e-02,-3.20e-03,
108,-4.00e-03,0.00e+00,-2.80e-03,
109,-1.20e-02,8.00e-02,-3.00e-03,
110,-4.00e-03,4.00e-02,-2.80e-03,
111,-1.20e-02,1.20e-01,-3.40e-03,
112,-1.20e-02,1.20e-01,-3.00e-03,
113,-4.00e-03,1.20e-01,-3.80e-03,
114,-1.20e-02,1.20e-01,-3.60e-03,
115,-8.00e-03,2.00e-01,-4.20e-03,
116,-1.20e-02,2.00e-01,-3.60e-03,
117,-1.20e-02,1.60e-01,-4.20e-03,
118,-1.60e-02,2.80e-01,-4.20e-03,
119,-8.00e-03,1.60e-01,-3.80e-03,
120,-1.20e-02,2.40e-01,-4.20e-03,
121,-1.60e-02,3.20e-01,-3.80e-03,
122,-1.60e-02,3.20e-01,-4.40e-03,
123,-8.00e-03,2.40e-01,-3.80e-03,
124,-1.60e-02,2.80e-01,-4.00e-03,
125,-2.00e-02,4.00e-01,-4.60e-03,
126,-1.60e-02,4.00e-01,-4.20e-03,
127,-2.40e-02,2.80e-01,-5.00e-03,
128,-1.20e-02,3.60e-01,-5.20e-03,
129,-2.40e-02,4.40e-01,-4.40e-03,
130,-2.00e-02,4.40e-01,-4.60e-03,
131,-2.80e-02,3.60e-01,-5.20e-03,
132,-2.00e-02,4.40e-01,-5.20e-03,
133,-2.80e-02,4.00e-01,-4.60e-03,
134,-2.40e-02,4.00e-01,-4.60e-03,
135,-3.20e-02,5.20e-01,-5.40e-03,
136,-2.80e-02,5.20e-01,-5.00e-03,
137,-3.60e-02,4.80e-01,-5.80e-03,
138,-3.60e-02,5.60e-01,-5.60e-03,
139,-2.80e-02,4.80e-01,-5.20e-03,
140,-4.00e-02,5.60e-01,-6.20e-03,
141,-3.20e-02,5.60e-01,-5.40e-03,
142,-4.00e-02,5.20e-01,-6.00e-03,
143,-4.80e-02,6.40e-01,-5.40e-03,
144,-4.00e-02,6.00e-01,-5.40e-03,
145,-4.80e-02,6.40e-01,-6.00e-03,
146,-4.80e-02,6.00e-01,-6.00e-03,
147,-5.60e-02,7.20e-01,-5.20e-03,
148,-5.20e-02,6.80e-01,-5.40e-03,
149,-6.00e-02,6.40e-01,-6.20e-03,
150,-5.20e-02,6.80e-01,-6.00e-03,
151,-6.40e-02,6.80e-01,-5.40e-03,
152,-5.60e-02,6.80e-01,-5.80e-03,
153,-6.80e-02,7.60e-01,-5.40e-03,
154,-6.40e-02,7.60e-01,-6.00e-03,
155,-7.60e-02,7.20e-01,-5.00e-03,
156,-7.20e-02,7.20e-01,-5.00e-03,
157,-8.00e-02,8.00e-01,-5.60e-03,
158,-8.00e-02,8.00e-01,-5.40e-03,
159,-7.60e-02,8.40e-01,-4.80e-03,
160,-7.60e-02,8.00e-01,-5.20e-03,
161,-8.80e-02,8.80e-01,-4.60e-03,
162,-9.20e-02,8.00e-01,-4.60e-03,
163,-8.40e-02,8.80e-01,-5.20e-03,
164,-8.80e-02,8.40e-01,-5.00e-03,
165,-9.60e-02,8.80e-01,-4.20e-03,
166,-8.80e-02,8.40e-01,-4.40e-03,
167,-9.60e-02,9.60e-01,-4.00e-03,
168,-9.60e-02,9.20e-01,-4.20e-03,
169,-8.80e-02,9.60e-01,-3.40e-03,
170,-9.60e-02,9.20e-01,-3.20e-03,
171,-8.80e-02,1.00e+00,-3.80e-03,
172,-9.60e-02,9.20e-01,-3.40e-03,
173,-8.40e-02,1.00e+00,-2.60e-03,
174,-9.20e-02,9.60e-01,-2.80e-03,
175,-8.00e-02,1.00e+00,-2.00e-03,
176,-8.40e-02,9.60e-01,-2.60e-03,
177,-8.00e-02,1.04e+00,-1.60e-03,
178,-8.00e-02,9.60e-01,-1.80e-03,
179,-6.80e-02,1.08e+00,-1.20e-03,
180,-7.60e-02,1.04e+00,-1.60e-03,
181,-6.40e-02,1.08e+00,-8.00e-04,
182,-6.40e-02,1.04e+00,-1.20e-03,
183,-5.60e-02,1.12e+00,0.00e+00,
184,-6.00e-02,1.12e+00,-4.00e-04,
185,-4.80e-02,1.04e+00,2.00e-04,
186,-5.20e-02,1.12e+00,2.00e-04,
187,-4.40e-02,1.08e+00,1.20e-03,
188,-4.80e-02,1.08e+00,8.00e-04,
189,-3.60e-02,1.12e+00,1.60e-03,
190,-4.00e-02,1.08e+00,1.20e-03,
191,-2.80e-02,1.20e+00,2.00e-03,
192,-3.60e-02,1.20e+00,2.00e-03,
193,-2.40e-02,1.12e+00,1.60e-03,
194,-2.80e-02,1.16e+00,1.80e-03,
195,-2.00e-02,1.20e+00,2.40e-03,
196,-2.00e-02,1.16e+00,2.00e-03,
197,-2.80e-02,1.20e+00,2.80e-03,
198,-1.60e-02,1.16e+00,2.40e-03,
199,-2.40e-02,1.24e+00,3.20e-03,
200,-1.60e-02,1.24e+00,3.40e-03,
201,-8.00e-03,1.16e+00,2.80e-03,
202,-1.60e-02,1.24e+00,3.60e-03,
203,-8.00e-03,1.20e+00,3.00e-03,
204,-8.00e-03,1.24e+00,3.60e-03,
205,-1.60e-02,1.24e+00,2.80e-03,
206,-1.20e-02,1.20e+00,3.00e-03,
207,-4.00e-03,1.24e+00,3.40e-03,
208,-1.20e-02,1.24e+00,3.00e-03,
209,-4.00e-03,1.28e+00,3.80e-03,
210,-4.00e-03,1.20e+00,3.20e-03,
211,-1.20e-02,1.32e+00,4.00e-03,
212,-8.00e-03,1.32e+00,3.60e-03,
213,-4.00e-03,1.24e+00,4.20e-03,
214,-8.00e-03,1.32e+00,3.60e-03,
215,-4.00e-03,1.24e+00,4.20e-03,
216,-4.00e-03,1.32e+00,3.40e-03,
217,-8.00e-03,1.28e+00,4.20e-03,
218,-4.00e-03,1.28e+00,3.40e-03,
219,-8.00e-03,1.32e+00,4.00e-03,
220,-8.00e-03,1.28e+00,3.40e-03,
221,0.00e+00,1.32e+00,4.20e-03,
222,0.00e+00,1.28e+00,3.60e-03,
223,-8.00e-03,1.32e+00,4.20e-03,
224,-8.00e-03,1.28e+00,4.60e-03,
225,0.00e+00,1.32e+00,3.60e-03,
226,-8.00e-03,1.28e+00,4.40e-03,
227,0.00e+00,1.32e+00,3.80e-03,
228,0.00e+00,1.32e+00,4.20e-03,
229,-4.00e-03,1.28e+00,3.60e-03,
230,-4.00e-03,1.28e+00,3.60e-03,
231,0.00e+00,1.32e+00,4.20e-03,
232,0.00e+00,1.28e+00,4.20e-03,
233,-8.00e-03,1.28e+00,3.40e-03,
234,-4.00e-03,1.28e+00,3.80e-03,
235,0.00e+00,1.32e+00,4.40e-03,
236,-4.00e-03,1.28e+00,3.80e-03,
237,0.00e+00,1.32e+00,4.40e-03,
238,0.00e+00,1.28e+00,4.40e-03,
239,-4.00e-03,1.32e+00,3.80e-03,
240,-4.00e-03,1.32e+00,4.40e-03,
241,0.00e+00,1.28e+00,3.60e-03,
242,-4.00e-03,1.32e+00,4.20e-03,
243,4.00e-03,1.28e+00,3.80e-03,
244,-4.00e-03,1.32e+00,4.20e-03,
245,4.00e-03,1.28e+00,3.60e-03,
246,-4.00e-03,1.28e+00,4.00e-03,
247,4.00e-03,1.32e+00,4.40e-03,
248,-4.00e-03,1.24e+00,4.40e-03,
249,4.00e-03,1.32e+00,3.80e-03,
250,-4.00e-03,1.32e+00,4.40e-03,
251,4.00e-03,1.24e+00,3.80e-03,
252,4.00e-03,1.32e+00,4.20e-03,
253,-4.00e-03,1.20e+00,3.60e-03,
254,4.00e-03,1.28e+00,4.00e-03,
255,-4.00e-03,1.20e+00,3.40e-03,
256,4.00e-03,1.20e+00,3.80e-03,
257,-4.00e-03,1.24e+00,3.20e-03,
258,4.00e-03,1.24e+00,3.40e-03,
259,-4.00e-03,1.20e+00,4.00e-03,
260,4.00e-03,1.24e+00,3.40e-03,
261,-4.00e-03,1.16e+00,4.20e-03,
262,4.00e-03,1.24e+00,3.20e-03,
263,-4.00e-03,1.16e+00,4.00e-03,
264,4.00e-03,1.16e+00,3.80e-03,
265,-4.00e-03,1.24e+00,3.20e-03,
266,4.00e-03,1.24e+00,3.40e-03,
267,-4.00e-03,1.16e+00,2.80e-03,
268,4.00e-03,1.16e+00,2.80e-03,
269,-4.00e-03,1.20e+00,3.40e-03,
270,-4.00e-03,1.20e+00,3.00e-03,
271,4.00e-03,1.16e+00,3.60e-03,
272,-4.00e-03,1.20e+00,3.60e-03,
273,4.00e-03,1.08e+00,3.00e-03,
274,4.00e-03,1.20e+00,3.40e-03,
275,-4.00e-03,1.08e+00,2.60e-03,
276,-4.00e-03,1.12e+00,3.20e-03,
277,4.00e-03,1.08e+00,2.60e-03,
278,4.00e-03,1.12e+00,3.00e-03,
279,-4.00e-03,1.04e+00,2.40e-03,
280,4.00e-03,1.12e+00,2.80e-03,
281,-4.00e-03,1.04e+00,2.20e-03,
282,4.00e-03,1.04e+00,2.80e-03,
283,-4.00e-03,1.08e+00,2.20e-03,
284,4.00e-03,1.08e+00,2.20e-03,
285,-4.00e-03,1.00e+00,2.80e-03,
286,4.00e-03,1.08e+00,2.20e-03,
287,0.00e+00,9.60e-01,2.60e-03,
288,0.00e+00,1.00e+00,2.40e-03,
289,4.00e-03,9.60e-01,2.00e-03,
290,4.00e-03,1.00e+00,2.20e-03,
291,-4.00e-03,9.20e-01,1.60e-03,
292,4.00e-03,1.00e+00,2.00e-03,
293,4.00e-03,9.20e-01,1.60e-03,
294,0.00e+00,9.20e-01,2.00e-03,
295,4.00e-03,9.20e-01,1.40e-03,
296,4.00e-03,9.60e-01,1.80e-03,
297,4.00e-03,8.40e-01,1.20e-03,
298,4.00e-03,9.20e-01,1.80e-03,
299,-4.00e-03,8.40e-01,1.20e-03,
300,4.00e-03,8.40e-01,1.60e-03,
301,0.00e+00,8.80e-01,8.00e-04,
302,4.00e-03,8.80e-01,8.00e-04,
303,-4.00e-03,8.00e-01,1.40e-03,
304,4.00e-03,8.00e-01,1.40e-03,
305,0.00e+00,8.40e-01,6.00e-04,
306,4.00e-03,8.40e-01,6.00e-04,
307,0.00e+00,7.20e-01,1.20e-03,
308,4.00e-03,8.00e-01,1.00e-03,
309,-4.00e-03,7.20e-01,6.00e-04,
310,4.00e-03,7.60e-01,8.00e-04,
311,-4.00e-03,6.80e-01,0.00e+00,
312,0.00e+00,7.60e-01,6.00e-04,
313,4.00e-03,6.80e-01,0.00e+00,
314,0.00e+00,7.20e-01,-2.00e-04,
315,4.00e-03,6.40e-01,4.00e-04,
316,4.00e-03,6.80e-01,2.00e-04,
317,0.00e+00,6.00e-01,-2.00e-04,
318,4.00e-03,6.40e-01,2.00e-04,
319,4.00e-03,6.00e-01,-4.00e-04,
320,4.00e-03,6.40e-01,2.00e-04,
321,0.00e+00,5.20e-01,-4.00e-04,
322,4.00e-03,5.60e-01,0.00e+00,
323,0.00e+00,6.40e-01,-8.00e-04,
324,4.00e-03,5.60e-01,-8.00e-04,
325,0.00e+00,4.80e-01,-2.00e-04,
326,4.00e-03,4.80e-01,-4.00e-04,
327,4.00e-03,5.60e-01,-1.00e-03,
328,4.00e-03,5.20e-01,-6.00e-04,
329,0.00e+00,4.00e-01,-1.20e-03,
330,4.00e-03,4.40e-01,-1.00e-03,
331,0.00e+00,4.40e-01,-1.60e-03,
332,4.00e-03,4.40e-01,-1.60e-03,
333,0.00e+00,4.00e-01,-8.00e-04,
334,4.00e-03,4.40e-01,-1.40e-03,
335,4.00e-03,3.60e-01,-1.60e-03,
336,0.00e+00,3.60e-01,-1.80e-03,
337,8.00e-03,3.20e-01,-1.20e-03,
338,8.00e-03,3.20e-01,-1.40e-03,
339,4.00e-03,2.80e-01,-2.20e-03,
340,0.00e+00,3.20e-01,-1.80e-03,
341,8.00e-03,2.40e-01,-2.40e-03,
342,8.00e-03,2.80e-01,-2.00e-03,
343,0.00e+00,2.40e-01,-2.40e-03,
344,1.20e-02,2.80e-01,-2.60e-03,
345,0.00e+00,1.60e-01,-2.00e-03,
346,8.00e-03,2.00e-01,-2.20e-03,
347,4.00e-03,1.60e-01,-2.80e-03,
348,8.00e-03,2.00e-01,-2.20e-03,
349,1.20e-02,1.20e-01,-3.00e-03,
350,8.00e-03,1.20e-01,-2.60e-03,
351,0.00e+00,1.60e-01,-3.40e-03,
352,8.00e-03,8.00e-02,-2.60e-03,
353,8.00e-03,1.60e-01,-3.40e-03,
354,8.00e-03,4.00e-02,-3.00e-03,
355,8.00e-03,8.00e-02,-3.60e-03,
356,8.00e-03,0.00e+00,-3.20e-03,
357,1.20e-02,8.00e-02,-3.80e-03,
358,8.00e-03,4.00e-02,-4.00e-03,
359,1.60e-02,-4.00e-02,-3.40e-03,
360,8.00e-03,4.00e-02,-3.40e-03,
361,1.60e-02,-8.00e-02,-4.20e-03,
362,1.60e-02,-4.00e-02,-4.20e-03,
363,8.00e-03,-1.20e-01,-3.60e-03,
364,8.00e-03,-4.00e-02,-3.60e-03,
365,1.60e-02,-1.20e-01,-4.20e-03,
366,1.20e-02,-1.20e-01,-4.20e-03,
367,1.60e-02,-1.20e-01,-3.80e-03,
368,1.20e-02,-2.00e-01,-4.40e-03,
369,2.00e-02,-1.20e-01,-3.80e-03,
370,1.20e-02,-1.60e-01,-4.00e-03,
371,2.00e-02,-2.40e-01,-4.60e-03,
372,1.20e-02,-1.60e-01,-4.20e-03,
373,2.00e-02,-2.40e-01,-4.60e-03,
374,2.00e-02,-2.40e-01,-4.00e-03,
375,1.60e-02,-3.20e-01,-4.80e-03,
376,1.60e-02,-2.40e-01,-4.20e-03,
377,2.40e-02,-3.20e-01,-4.80e-03,
378,2.40e-02,-2.80e-01,-4.80e-03,
379,1.60e-02,-3.60e-01,-4.20e-03,
380,2.00e-02,-2.80e-01,-4.60e-03,
381,2.80e-02,-3.60e-01,-4.20e-03,
382,2.80e-02,-3.60e-01,-4.20e-03,
383,2.00e-02,-4.00e-01,-4.40e-03,
384,2.80e-02,-4.40e-01,-4.00e-03,
385,3.20e-02,-3.60e-01,-4.60e-03,
386,2.40e-02,-4.00e-01,-4.40e-03,
387,3.20e-02,-4.40e-01,-3.80e-03,
388,3.20e-02,-4.80e-01,-3.80e-03,
389,4.00e-02,-4.40e-01,-4.40e-03,
390,3.60e-02,-4.80e-01,-4.20e-03,
391,4.00e-02,-4.80e-01,-3.60e-03,
392,3.60e-02,-4.80e-01,-4.00e-03,
393,4.40e-02,-5.60e-01,-3.40e-03,
394,4.80e-02,-5.60e-01,-3.80e-03,
395,4.00e-02,-5.20e-01,-3.20e-03,
396,4.40e-02,-5.20e-01,-3.00e-03,
397,5.20e-02,-6.40e-01,-3.60e-03,
398,5.20e-02,-6.00e-01,-3.40e-03,
399,6.00e-02,-6.00e-01,-2.60e-03,
400,5.60e-02,-6.00e-01,-3.00e-03,
401,6.40e-02,-6.80e-01,-2.60e-03,
402,6.00e-02,-6.80e-01,-2.80e-03,
403,6.80e-02,-6.40e-01,-2.00e-03,
404,6.40e-02,-6.40e-01,-2.20e-03,
405,7.20e-02,-7.20e-01,-1.40e-03,
406,6.80e-02,-7.20e-01,-1.80e-03,
407,7.60e-02,-6.80e-01,-1.00e-03,
408,7.60e-02,-7.20e-01,-1.20e-03,
409,8.40e-02,-7.60e-01,-6.00e-04,
410,8.00e-02,-8.00e-01,-4.00e-04,
411,8.80e-02,-7.20e-01,-1.00e-03,
412,8.40e-02,-8.00e-01,-4.00e-04,
413,9.20e-02,-7.60e-01,2.00e-04,
414,9.20e-02,-7.60e-01,0.00e+00,
415,8.80e-02,-8.80e-01,8.00e-04,
416,9.60e-02,-8.40e-01,2.00e-04,
417,8.80e-02,-8.80e-01,1.20e-03,
418,9.60e-02,-8.40e-01,1.00e-03,
419,9.20e-02,-9.20e-01,1.60e-03,
420,9.60e-02,-8.40e-01,1.40e-03,
421,9.20e-02,-9.20e-01,1.80e-03,
422,9.60e-02,-9.20e-01,1.60e-03,
423,8.80e-02,-8.80e-01,2.00e-03,
424,9.20e-02,-8.80e-01,1.60e-03,
425,8.40e-02,-1.00e+00,2.20e-03,
426,8.80e-02,-9.20e-01,2.00e-03,
427,8.00e-02,-1.00e+00,2.60e-03,
428,8.40e-02,-9.60e-01,2.20e-03,
429,7.60e-02,-1.00e+00,2.80e-03,
430,7.60e-02,-9.60e-01,3.00e-03,
431,6.80e-02,-1.00e+00,2.40e-03,
432,6.80e-02,-9.60e-01,2.60e-03,
433,5.60e-02,-1.04e+00,3.20e-03,
434,6.00e-02,-1.04e+00,2.80e-03,
435,4.80e-02,-1.00e+00,3.60e-03,
436,5.20e-02,-1.04e+00,3.20e-03,
437,4.40e-02,-1.00e+00,3.80e-03,
438,4.00e-02,-1.04e+00,3.80e-03,
439,4.40e-02,-1.12e+00,3.20e-03,
440,4.40e-02,-1.08e+00,3.40e-03,
441,3.20e-02,-1.12e+00,4.20e-03,
442,3.20e-02,-1.08e+00,4.20e-03,
443,2.40e-02,-1.12e+00,3.60e-03,
444,3.20e-02,-1.08e+00,3.80e-03,
445,2.00e-02,-1.16e+00,4.20e-03,
446,2.00e-02,-1.16e+00,4.20e-03,
447,2.40e-02,-1.08e+00,3.60e-03,
448,2.40e-02,-1.16e+00,3.60e-03,
449,1.60e-02,-1.08e+00,4.20e-03,
450,2.00e-02,-1.16e+00,4.20e-03,
451,1.20e-02,-1.12e+00,3.80e-03,
452,2.00e-02,-1.16e+00,3.80e-03,
453,1.20e-02,-1.16e+00,4.20e-03,
454,1.60e-02,-1.24e+00,4.40e-03,
455,1.20e-02,-1.12e+00,3.80e-03,
456,1.60e-02,-1.16e+00,4.40e-03,
457,8.00e-03,-1.24e+00,3.80e-03,
458,8.00e-03,-1.24e+00,4.40e-03,
459,1.60e-02,-1.16e+00,3.60e-03,
460,8.00e-03,-1.20e+00,3.80e-03,
461,1.60e-02,-1.24e+00,4.40e-03,
462,1.20e-02,-1.20e+00,4.40e-03,
463,8.00e-03,-1.24e+00,4.00e-03,
464,8.00e-03,-1.20e+00,4.60e-03,
465,4.00e-03,-1.24e+00,4.00e-03,
466,4.00e-03,-1.20e+00,4.60e-03,
467,1.20e-02,-1.24e+00,4.00e-03,
468,8.00e-03,-1.24e+00,4.60e-03,
469,0.00e+00,-1.20e+00,4.20e-03,
470,4.00e-03,-1.24e+00,4.80e-03,
471,8.00e-03,-1.20e+00,4.00e-03,
472,8.00e-03,-1.20e+00,4.60e-03,
473,0.00e+00,-1.28e+00,4.00e-03,
474,0.00e+00,-1.20e+00,4.80e-03,
475,8.00e-03,-1.28e+00,4.00e-03,
476,4.00e-03,-1.28e+00,4.80e-03,
477,0.00e+00,-1.20e+00,4.00e-03,
478,8.00e-03,-1.28e+00,4.20e-03,
479,0.00e+00,-1.20e+00,4.80e-03,
480,4.00e-03,-1.28e+00,4.60e-03,
481,0.00e+00,-1.20e+00,4.00e-03,
482,4.00e-03,-1.28e+00,4.00e-03,
483,-4.00e-03,-1.20e+00,4.60e-03,
484,4.00e-03,-1.28e+00,4.40e-03,
485,0.00e+00,-1.20e+00,4.00e-03,
486,4.00e-03,-1.28e+00,4.40e-03,
487,-4.00e-03,-1.20e+00,4.00e-03,
488,4.00e-03,-1.28e+00,4.00e-03,
489,0.00e+00,-1.20e+00,4.60e-03,
490,-4.00e-03,-1.20e+00,4.80e-03,
491,4.00e-03,-1.28e+00,3.80e-03,
492,4.00e-03,-1.20e+00,4.60e-03,
493,-4.00e-03,-1.28e+00,3.80e-03,
494,0.00e+00,-1.24e+00,4.40e-03,
495,4.00e-03,-1.20e+00,3.80e-03,
496,4.00e-03,-1.20e+00,4.40e-03,
497,-4.00e-03,-1.24e+00,3.80e-03,
498,4.00e-03,-1.20e+00,3.80e-03,
499,-4.00e-03,-1.24e+00,4.40e-03,
500,4.00e-03,-1.24e+00,3.80e-03,
501,-4.00e-03,-1.20e+00,4.40e-03,
502,4.00e-03,-1.20e+00,3.80e-03,
503,-4.00e-03,-1.24e+00,4.40e-03,
504,-4.00e-03,-1.24e+00,3.80e-03,
505,4.00e-03,-1.12e+00,4.20e-03,
506,4.00e-03,-1.16e+00,4.20e-03,
507,-4.00e-03,-1.24e+00,3.60e-03,
508,4.00e-03,-1.24e+00,4.00e-03,
509,-4.00e-03,-1.12e+00,3.40e-03,
510,4.00e-03,-1.20e+00,3.40e-03,
511,-4.00e-03,-1.12e+00,4.00e-03,
512,4.00e-03,-1.16e+00,3.80e-03,
513,-4.00e-03,-1.16e+00,3.40e-03,
514,4.00e-03,-1.16e+00,3.40e-03,
515,-4.00e-03,-1.12e+00,4.00e-03,
516,4.00e-03,-1.16e+00,3.80e-03,
517,-4.00e-03,-1.08e+00,3.20e-03,
518,4.00e-03,-1.08e+00,2.80e-03,
519,-4.00e-03,-1.12e+00,3.80e-03,
520,-4.00e-03,-1.12e+00,3.40e-03,
521,4.00e-03,-1.08e+00,2.80e-03,
522,-4.00e-03,-1.08e+00,3.40e-03,
523,4.00e-03,-1.12e+00,2.80e-03,
524,4.00e-03,-1.12e+00,2.80e-03,
525,-4.00e-03,-1.00e+00,3.40e-03,
526,4.00e-03,-1.04e+00,3.20e-03,
527,-4.00e-03,-1.00e+00,2.60e-03,
528,4.00e-03,-1.04e+00,2.60e-03,
529,-4.00e-03,-1.00e+00,3.20e-03,
530,4.00e-03,-1.04e+00,3.00e-03,
531,-4.00e-03,-9.60e-01,2.20e-03,
532,4.00e-03,-9.60e-01,2.20e-03,
533,-4.00e-03,-1.04e+00,2.60e-03,
534,4.00e-03,-1.00e+00,2.00e-03,
535,-4.00e-03,-9.60e-01,2.60e-03,
536,-4.00e-03,-9.60e-01,1.80e-03,
537,4.00e-03,-1.00e+00,2.40e-03,
538,-4.00e-03,-1.00e+00,2.40e-03,
539,0.00e+00,-9.20e-01,1.80e-03,
540,-4.00e-03,-1.00e+00,2.20e-03,
541,4.00e-03,-9.20e-01,1.60e-03,
542,4.00e-03,-9.20e-01,2.00e-03,
543,-4.00e-03,-8.80e-01,1.60e-03,
544,-4.00e-03,-9.20e-01,2.00e-03,
545,0.00e+00,-8.40e-01,1.40e-03,
546,-4.00e-03,-8.40e-01,1.80e-03,
547,0.00e+00,-8.80e-01,1.20e-03,
548,0.00e+00,-8.80e-01,1.20e-03,
549,-4.00e-03,-8.00e-01,1.80e-03,
550,0.00e+00,-8.40e-01,1.20e-03,
551,0.00e+00,-7.60e-01,1.80e-03,
552,-4.00e-03,-7.60e-01,1.60e-03,
553,0.00e+00,-8.00e-01,8.00e-04,
554,-4.00e-03,-8.00e-01,8.00e-04,
555,0.00e+00,-7.20e-01,1.20e-03,
556,-4.00e-03,-7.60e-01,1.00e-03,
557,0.00e+00,-7.20e-01,2.00e-04,
558,0.00e+00,-7.60e-01,8.00e-04,
559,-4.00e-03,-6.40e-01,0.00e+00,
560,-4.00e-03,-7.60e-01,6.00e-04,
561,0.00e+00,-6.40e-01,2.00e-04,
562,-4.00e-03,-6.80e-01,0.00e+00,
563,0.00e+00,-6.00e-01,6.00e-04,
564,0.00e+00,-6.80e-01,6.00e-04,
565,-8.00e-03,-6.00e-01,-2.00e-04,
566,0.00e+00,-6.40e-01,-2.00e-04,
567,-8.00e-03,-6.00e-01,4.00e-04,
568,0.00e+00,-6.00e-01,-4.00e-04,
569,-4.00e-03,-5.20e-01,2.00e-04,
570,-8.00e-03,-5.60e-01,-2.00e-04,
571,0.00e+00,-5.20e-01,-8.00e-04,
572,-8.00e-03,-5.60e-01,0.00e+00,
573,0.00e+00,-4.80e-01,-8.00e-04,
574,0.00e+00,-4.80e-01,-1.00e-03,
575,-8.00e-03,-4.80e-01,-4.00e-04,
576,0.00e+00,-4.80e-01,-4.00e-04,
577,-8.00e-03,-4.00e-01,-1.20e-03,
578,0.00e+00,-4.00e-01,-8.00e-04,
579,-8.00e-03,-4.80e-01,-1.40e-03,
580,0.00e+00,-4.40e-01,-8.00e-04,
581,-8.00e-03,-3.60e-01,-1.60e-03,
582,0.00e+00,-3.60e-01,-1.60e-03,
583,-8.00e-03,-3.60e-01,-1.00e-03,
584,0.00e+00,-3.60e-01,-1.40e-03,
585,-8.00e-03,-2.80e-01,-1.80e-03,
586,-8.00e-03,-3.20e-01,-1.40e-03,
587,0.00e+00,-2.80e-01,-2.00e-03,
588,-8.00e-03,-3.20e-01,-1.60e-03,
589,0.00e+00,-2.00e-01,-2.20e-03,
590,-8.00e-03,-2.40e-01,-1.80e-03,
591,0.00e+00,-2.40e-01,-2.40e-03,
592,-8.00e-03,-2.40e-01,-2.00e-03,
593,0.00e+00,-1.60e-01,-2.80e-03,
594,-8.00e-03,-1.60e-01,-2.20e-03,
595,0.00e+00,-2.00e-01,-2.80e-03,
596,-8.00e-03,-2.00e-01,-2.40e-03,
597,-4.00e-03,-8.00e-02,-3.00e-03,
598,-4.00e-03,-8.00e-02,-2.40e-03,
599,-8.00e-03,-1.20e-01,-3.00e-03,
600,-4.00e-03,-1.20e-01,-2.60e-03,
601,-8.00e-03,-4.00e-02,-3.00e-03,
602,-4.00e-03,-8.00e-02,-2.80e-03,
603,-1.20e-02,0.00e+00,-3.40e-03,
604,-4.00e-03,4.00e-02,-3.60e-03,
605,-1.20e-02,0.00e+00,-2.80e-03,
606,-4.00e-03,0.00e+00,-3.00e-03,
607,-1.20e-02,8.00e-02,-3.40e-03,
608,-1.20e-02,8.00e-02,-3.00e-03,
609,-4.00e-03,4.00e-02,-3.60e-03,
610,-1.20e-02,4.00e-02,-3.20e-03,
611,-4.00e-03,1.20e-01,-3.80e-03,
612,-1.20e-02,1.20e-01,-3.80e-03,
613,-8.00e-03,1.60e-01,-3.40e-03,
614,-1.20e-02,1.20e-01,-3.60e-03,
615,-8.00e-03,2.00e-01,-4.20e-03,
616,-1.60e-02,2.00e-01,-4.00e-03,
617,-8.00e-03,1.60e-01,-4.40e-03,
618,-8.00e-03,1.60e-01,-4.20e-03,
619,-1.60e-02,2.80e-01,-4.60e-03,
620,-1.60e-02,2.40e-01,-4.20e-03,
621,-8.00e-03,2.80e-01,-4.80e-03,
622,-1.60e-02,2.40e-01,-5.00e-03,
623,-8.00e-03,3.20e-01,-4.40e-03,
624,-1.20e-02,3.20e-01,-4.60e-03,
625,-2.40e-02,2.80e-01,-5.20e-03,
626,-1.60e-02,2.80e-01,-4.80e-03,
627,-2.40e-02,4.00e-01,-5.60e-03,
628,-2.00e-02,4.00e-01,-5.60e-03,
629,-2.40e-02,3.60e-01,-5.00e-03,
630,-2.00e-02,3.60e-01,-5.00e-03,
631,-2.80e-02,4.40e-01,-5.80e-03,
632,-2.40e-02,4.40e-01,-5.60e-03,
633,-2.80e-02,4.40e-01,-5.20e-03,
634,-2.40e-02,4.40e-01,-5.60e-03,
635,-3.20e-02,5.20e-01,-5.40e-03,
636,-2.80e-02,4.80e-01,-5.60e-03,
637,-3.60e-02,5.20e-01,-6.00e-03,
638,-2.80e-02,4.80e-01,-5.60e-03,
639,-3.60e-02,5.60e-01,-6.20e-03,
640,-4.00e-02,5.60e-01,-6.20e-03,
641,-3.20e-02,5.60e-01,-5.80e-03,
642,-4.00e-02,5.60e-01,-5.80e-03,
643,-4.40e-02,6.40e-01,-6.40e-03,
644,-4.00e-02,6.00e-01,-5.60e-03,
645,-4.80e-02,6.40e-01,-6.20e-03,
646,-4.40e-02,6.00e-01,-5.80e-03,
647,-5.20e-02,7.20e-01,-6.40e-03,
648,-5.60e-02,6.80e-01,-5.80e-03,
649,-4.80e-02,6.80e-01,-6.20e-03,
650,-6.00e-02,6.80e-01,-5.80e-03,
651,-5.20e-02,7.60e-01,-6.40e-03,
652,-5.60e-02,7.60e-01,-6.40e-03,
653,-6.80e-02,7.20e-01,-5.80e-03,
654,-7.20e-02,7.20e-01,-6.20e-03,
655,-6.40e-02,8.40e-01,-5.60e-03,
656,-6.80e-02,8.40e-01,-6.00e-03,
657,-8.00e-02,7.20e-01,-5.40e-03,
658,-7.20e-02,8.00e-01,-5.80e-03,
659,-8.00e-02,8.40e-01,-5.00e-03,
660,-8.40e-02,8.00e-01,-5.80e-03,
661,-8.00e-02,8.80e-01,-5.00e-03,
662,-8.80e-02,8.40e-01,-5.40e-03,
663,-8.00e-02,8.80e-01,-4.80e-03,
664,-8.80e-02,8.40e-01,-5.20e-03,
665,-9.60e-02,9.20e-01,-4.60e-03,
666,-9.60e-02,8.40e-01,-5.20e-03,
667,-9.20e-02,9.60e-01,-4.40e-03,
668,-9.60e-02,9.20e-01,-4.80e-03,
669,-8.80e-02,9.60e-01,-4.00e-03,
670,-9.60e-02,9.20e-01,-4.20e-03,
671,-8.80e-02,1.00e+00,-3.60e-03,
672,-9.20e-02,1.00e+00,-3.80e-03,
673,-8.80e-02,9.20e-01,-3.20e-03,
674,-9.60e-02,9.60e-01,-3.40e-03,
675,-8.40e-02,1.00e+00,-2.80e-03,
676,-9.20e-02,9.60e-01,-3.00e-03,
677,-8.00e-02,1.04e+00,-2.20e-03,
678,-8.00e-02,1.08e+00,-2.40e-03,
679,-7.20e-02,9.60e-01,-1.80e-03,
680,-7.60e-02,1.04e+00,-1.60e-03,
681,-6.40e-02,1.08e+00,-1.00e-03,
682,-6.80e-02,1.04e+00,-1.20e-03,
683,-5.60e-02,1.12e+00,-6.00e-04,
684,-5.60e-02,1.12e+00,-8.00e-04,
685,-4.80e-02,1.04e+00,2.00e-04,
686,-5.60e-02,1.12e+00,0.00e+00,
687,-4.00e-02,1.08e+00,6.00e-04,
688,-4.40e-02,1.08e+00,4.00e-04,
689,-3.20e-02,1.16e+00,1.20e-03,
690,-4.00e-02,1.20e+00,1.60e-03,
691,-2.80e-02,1.08e+00,1.00e-03,
692,-3.20e-02,1.08e+00,1.40e-03,
693,-2.40e-02,1.20e+00,1.80e-03,
694,-2.80e-02,1.16e+00,2.00e-03,
695,-2.00e-02,1.20e+00,1.60e-03,
696,-2.40e-02,1.16e+00,1.60e-03,
697,-1.60e-02,1.20e+00,2.20e-03,
698,-1.60e-02,1.16e+00,2.00e-03,
699,-2.40e-02,1.24e+00,2.60e-03,
700,-1.60e-02,1.16e+00,2.20e-03,
701,-8.00e-03,1.24e+00,2.80e-03,
702,-8.00e-03,1.24e+00,2.40e-03,
703,-1.60e-02,1.20e+00,3.00e-03,
704,-1.20e-02,1.24e+00,2.60e-03,
705,-4.00e-03,1.20e+00,3.20e-03,
706,-1.20e-02,1.24e+00,2.60e-03,
707,-4.00e-03,1.20e+00,3.20e-03,
708,-1.20e-02,1.20e+00,3.20e-03,
709,-4.00e-03,1.32e+00,2.80e-03,
710,-4.00e-03,1.20e+00,3.00e-03,
711,-1.20e-02,1.32e+00,3.60e-03,
712,-8.00e-03,1.28e+00,3.80e-03,
713,-4.00e-03,1.20e+00,3.20e-03,
714,-8.00e-03,1.28e+00,3.20e-03,
715,-4.00e-03,1.32e+00,3.80e-03,
716,-8.00e-03,1.28e+00,3.80e-03,
717,0.00e+00,1.32e+00,3.40e-03,
718,-8.00e-03,1.28e+00,2.80e-03,
719,0.00e+00,1.32e+00,3.80e-03,
720,0.00e+00,1.28e+00,3.80e-03,
721,-8.00e-03,1.32e+00,3.20e-03,
722,-8.00e-03,1.28e+00,3.20e-03,
723,0.00e+00,1.32e+00,3.80e-03,
724,0.00e+00,1.28e+00,3.80e-03,
725,-8.00e-03,1.32e+00,3.40e-03,
726,0.00e+00,1.28e+00,4.00e-03,
727,-4.00e-03,1.32e+00,3.40e-03,
728,0.00e+00,1.28e+00,4.00e-03,
729,-8.00e-03,1.32e+00,3.40e-03,
730,-4.00e-03,1.32e+00,4.00e-03,
731,0.00e+00,1.28e+00,3.40e-03,
732,0.00e+00,1.28e+00,3.60e-03,
733,-4.00e-03,1.32e+00,4.00e-03,
734,-4.00e-03,1.28e+00,3.60e-03,
735,0.00e+00,1.32e+00,4.00e-03,
736,-4.00e-03,1.32e+00,3.60e-03,
737,4.00e-03,1.28e+00,4.00e-03,
738,0.00e+00,1.28e+00,4.20e-03,
739,-4.00e-03,1.32e+00,3.60e-03,
740,0.00e+00,1.28e+00,4.00e-03,
741,-4.00e-03,1.32e+00,3.60e-03,
742,4.00e-03,1.28e+00,4.00e-03,
743,-4.00e-03,1.32e+00,3.60e-03,
744,-4.00e-03,1.32e+00,4.00e-03,
745,4.00e-03,1.28e+00,3.60e-03,
746,-4.00e-03,1.28e+00,3.60e-03,
747,4.00e-03,1.32e+00,4.00e-03,
748,4.00e-03,1.32e+00,4.00e-03,
749,-4.00e-03,1.28e+00,3.40e-03,
750,4.00e-03,1.24e+00,3.40e-03,
751,-4.00e-03,1.32e+00,4.00e-03,
752,-4.00e-03,1.24e+00,3.80e-03,
753,4.00e-03,1.32e+00,3.20e-03,
754,4.00e-03,1.32e+00,3.80e-03,
755,-4.00e-03,1.20e+00,3.20e-03,
756,4.00e-03,1.24e+00,3.60e-03,
757,-4.00e-03,1.20e+00,3.00e-03,
758,4.00e-03,1.24e+00,3.40e-03,
759,-4.00e-03,1.20e+00,2.80e-03,
760,4.00e-03,1.24e+00,3.20e-03,
761,-4.00e-03,1.20e+00,2.80e-03,
762,-4.00e-03,1.24e+00,3.20e-03,
763,4.00e-03,1.16e+00,2.80e-03,
764,4.00e-03,1.24e+00,3.20e-03,
765,-4.00e-03,1.16e+00,3.00e-03,
766,4.00e-03,1.16e+00,3.00e-03,
767,-4.00e-03,1.24e+00,2.60e-03,
768,4.00e-03,1.16e+00,3.00e-03,
769,-4.00e-03,1.20e+00,2.40e-03,
770,-4.00e-03,1.16e+00,2.40e-03,
771,4.00e-03,1.20e+00,3.00e-03,
772,4.00e-03,1.20e+00,2.80e-03,
773,-4.00e-03,1.12e+00,2.40e-03,
774,4.00e-03,1.16e+00,2.40e-03,
775,-4.00e-03,1.08e+00,2.80e-03,
776,4.00e-03,1.12e+00,2.80e-03,
777,-4.00e-03,1.08e+00,2.20e-03,
778,4.00e-03,1.12e+00,2.40e-03,
779,-4.00e-03,1.08e+00,2.20e-03,
780,0.00e+00,1.04e+00,2.00e-03,
781,4.00e-03,1.12e+00,2.60e-03,
782,4.00e-03,1.08e+00,2.00e-03,
783,-4.00e-03,1.04e+00,2.40e-03,
784,4.00e-03,1.04e+00,2.00e-03,
785,-4.00e-03,1.08e+00,2.40e-03,
786,4.00e-03,1.08e+00,2.20e-03,
787,-4.00e-03,9.60e-01,1.80e-03,
788,4.00e-03,1.08e+00,2.00e-03,
789,-4.00e-03,9.60e-01,1.60e-03,
790,4.00e-03,9.60e-01,1.80e-03,
791,-4.00e-03,1.00e+00,1.40e-03,
792,4.00e-03,1.00e+00,1.20e-03,
793,-4.00e-03,9.20e-01,1.80e-03,
794,4.00e-03,9.20e-01,1.60e-03,
795,-4.00e-03,9.20e-01,1.00e-03,
796,0.00e+00,8.80e-01,1.40e-03,
797,4.00e-03,9.60e-01,8.00e-04,
798,4.00e-03,9.60e-01,1.40e-03,
799,-4.00e-03,8.40e-01,8.00e-04,
800,4.00e-03,8.40e-01,8.00e-04,
801,-4.00e-03,8.80e-01,1.20e-03,
802,4.00e-03,8.80e-01,1.20e-03,
803,0.00e+00,8.00e-01,4.00e-04,
804,4.00e-03,8.00e-01,8.00e-04,
805,-4.00e-03,8.80e-01,2.00e-04,
806,4.00e-03,8.40e-01,6.00e-04,
807,-4.00e-03,7.20e-01,2.00e-04,
808,4.00e-03,8.00e-01,6.00e-04,
809,0.00e+00,7.20e-01,-2.00e-04,
810,4.00e-03,7.60e-01,6.00e-04,
811,0.00e+00,6.80e-01,-2.00e-04,
812,4.00e-03,6.80e-01,4.00e-04,
813,0.00e+00,7.60e-01,-4.00e-04,
814,4.00e-03,6.80e-01,2.00e-04,
815,0.00e+00,6.00e-01,-4.00e-04,
816,4.00e-03,6.80e-01,-2.00e-04,
817,4.00e-03,6.00e-01,-8.00e-04,
818,4.00e-03,6.00e-01,-8.00e-04,
819,0.00e+00,6.40e-01,-2.00e-04,
820,0.00e+00,6.40e-01,-4.00e-04,
821,8.00e-03,5.60e-01,-1.20e-03,
822,4.00e-03,5.60e-01,-1.20e-03,
823,0.00e+00,5.20e-01,-4.00e-04,
824,4.00e-03,5.60e-01,-6.00e-04,
825,0.00e+00,4.80e-01,-1.40e-03,
826,0.00e+00,4.80e-01,-1.40e-03,
827,8.00e-03,5.60e-01,-8.00e-04,
828,4.00e-03,5.20e-01,-1.00e-03,
829,4.00e-03,4.40e-01,-1.60e-03,
830,8.00e-03,4.40e-01,-1.80e-03,
831,0.00e+00,4.00e-01,-1.20e-03,
832,1.20e-02,4.40e-01,-1.80e-03,
833,0.00e+00,3.60e-01,-1.20e-03,
834,8.00e-03,4.40e-01,-1.40e-03,
835,0.00e+00,3.20e-01,-2.20e-03,
836,8.00e-03,4.00e-01,-1.80e-03,
837,0.00e+00,2.80e-01,-2.60e-03,
838,8.00e-03,3.20e-01,-2.00e-03,
839,0.00e+00,2.80e-01,-2.80e-03,
840,0.00e+00,3.20e-01,-2.20e-03,
841,1.20e-02,2.40e-01,-2.80e-03,
842,8.00e-03,2.80e-01,-2.80e-03,
843,0.00e+00,2.00e-01,-2.20e-03,
844,1.20e-02,1.60e-01,-2.60e-03,
845,0.00e+00,2.80e-01,-3.00e-03,
846,0.00e+00,2.80e-01,-2.60e-03,
847,1.20e-02,1.60e-01,-3.20e-03,
848,8.00e-03,2.00e-01,-2.60e-03,
849,0.00e+00,1.20e-01,-3.20e-03,
850,8.00e-03,1.20e-01,-3.00e-03,
851,4.00e-03,1.60e-01,-3.40e-03,
852,4.00e-03,4.00e-02,-3.20e-03,
853,8.00e-03,1.60e-01,-3.80e-03,
854,8.00e-03,8.00e-02,-3.40e-03,
855,8.00e-03,4.00e-02,-4.00e-03,
856,8.00e-03,0.00e+00,-3.60e-03,
857,1.60e-02,8.00e-02,-4.20e-03,
858,8.00e-03,4.00e-02,-4.40e-03,
859,1.20e-02,-8.00e-02,-3.80e-03,
860,8.00e-03,0.00e+00,-4.60e-03,
861,1.60e-02,-8.00e-02,-4.20e-03,
862,8.00e-03,-4.00e-02,-4.20e-03,
863,1.60e-02,-1.20e-01,-4.80e-03,
864,1.60e-02,-4.00e-02,-4.20e-03,
865,8.00e-03,-1.20e-01,-4.60e-03,
866,1.60e-02,-1.20e-01,-4.20e-03,
867,8.00e-03,-1.60e-01,-4.80e-03,
868,1.20e-02,-8.00e-02,-4.20e-03,
869,2.00e-02,-2.00e-01,-4.80e-03,
870,1.20e-02,-1.60e-01,-5.00e-03,
871,2.00e-02,-2.40e-01,-4.40e-03,
872,2.00e-02,-2.40e-01,-4.40e-03,
873,1.20e-02,-2.00e-01,-5.00e-03,
874,1.60e-02,-2.40e-01,-4.60e-03,
875,2.40e-02,-2.00e-01,-5.20e-03,
876,1.60e-02,-3.20e-01,-5.20e-03,
877,2.40e-02,-2.40e-01,-4.60e-03,
878,1.60e-02,-2.80e-01,-4.60e-03,
879,2.40e-02,-3.20e-01,-5.20e-03,
880,2.00e-02,-3.60e-01,-5.20e-03,
881,2.80e-02,-2.80e-01,-4.40e-03,
882,2.80e-02,-3.60e-01,-4.60e-03,
883,2.00e-02,-4.00e-01,-5.20e-03,
884,2.00e-02,-3.60e-01,-4.40e-03,
885,3.20e-02,-4.40e-01,-5.20e-03,
886,2.80e-02,-4.00e-01,-5.00e-03,
887,3.60e-02,-4.80e-01,-4.40e-03,
888,2.80e-02,-4.00e-01,-5.00e-03,
889,3.60e-02,-5.20e-01,-4.40e-03,
890,3.20e-02,-4.80e-01,-5.00e-03,
891,4.00e-02,-5.20e-01,-4.20e-03,
892,3.60e-02,-4.80e-01,-4.00e-03,
893,4.40e-02,-5.60e-01,-4.60e-03,
894,4.00e-02,-5.20e-01,-4.40e-03,
895,4.80e-02,-5.60e-01,-3.80e-03,
896,4.80e-02,-6.00e-01,-4.20e-03,
897,5.20e-02,-5.20e-01,-3.40e-03,
898,4.80e-02,-6.00e-01,-3.80e-03,
899,5.60e-02,-6.40e-01,-3.20e-03,
900,5.60e-02,-6.00e-01,-3.60e-03,
901,6.40e-02,-6.80e-01,-2.80e-03,
902,6.00e-02,-6.40e-01,-3.00e-03,
903,6.80e-02,-6.80e-01,-2.40e-03,
904,7.20e-02,-6.40e-01,-2.80e-03,
905,6.40e-02,-7.60e-01,-2.00e-03,
906,6.80e-02,-7.20e-01,-2.20e-03,
907,7.60e-02,-7.60e-01,-1.60e-03,
908,8.40e-02,-7.20e-01,-1.80e-03,
909,7.60e-02,-8.00e-01,-1.00e-03,
910,8.00e-02,-7.20e-01,-1.60e-03,
911,8.80e-02,-8.00e-01,-6.00e-04,
912,8.40e-02,-7.60e-01,-1.00e-03,
913,9.20e-02,-8.00e-01,-4.00e-04,
914,9.20e-02,-7.60e-01,-4.00e-04,
915,8.80e-02,-8.80e-01,2.00e-04,
916,8.80e-02,-8.40e-01,0.00e+00,
917,9.60e-02,-8.80e-01,8.00e-04,
918,9.60e-02,-8.40e-01,4.00e-04,
919,8.80e-02,-9.20e-01,1.00e-03,
920,9.60e-02,-8.40e-01,8.00e-04,
921,8.80e-02,-9.20e-01,1.40e-03,
922,9.60e-02,-9.20e-01,1.00e-03,
923,8.80e-02,-8.80e-01,1.80e-03,
924,9.20e-02,-8.80e-01,1.40e-03,
925,8.40e-02,-9.60e-01,2.00e-03,
926,9.20e-02,-8.80e-01,1.80e-03,
927,8.00e-02,-1.00e+00,2.40e-03,
928,8.40e-02,-9.60e-01,2.00e-03,
929,7.60e-02,-1.00e+00,2.60e-03,
930,7.60e-02,-9.60e-01,2.80e-03,
931,6.40e-02,-1.00e+00,2.00e-03,
932,6.80e-02,-9.60e-01,2.20e-03,
933,6.00e-02,-1.04e+00,2.80e-03,
934,6.40e-02,-1.04e+00,2.40e-03,
935,5.20e-02,-1.00e+00,3.20e-03,
936,5.20e-02,-1.04e+00,3.20e-03,
937,4.00e-02,-1.08e+00,2.60e-03,
938,4.80e-02,-1.00e+00,3.00e-03,
939,4.00e-02,-1.12e+00,3.40e-03,
940,4.40e-02,-1.04e+00,3.60e-03,
941,3.20e-02,-1.12e+00,2.80e-03,
942,3.60e-02,-1.08e+00,2.80e-03,
943,2.80e-02,-1.12e+00,3.60e-03,
944,3.60e-02,-1.08e+00,3.20e-03,
945,2.00e-02,-1.12e+00,3.60e-03,
946,2.80e-02,-1.08e+00,3.20e-03,
947,2.00e-02,-1.16e+00,3.80e-03,
948,2.40e-02,-1.16e+00,3.80e-03,
949,1.60e-02,-1.08e+00,3.20e-03,
950,2.00e-02,-1.16e+00,3.40e-03,
951,1.60e-02,-1.16e+00,3.80e-03,
952,2.00e-02,-1.16e+00,3.80e-03,
953,1.20e-02,-1.12e+00,3.40e-03,
954,1.20e-02,-1.12e+00,3.40e-03,
955,1.60e-02,-1.20e+00,4.00e-03,
956,8.00e-03,-1.12e+00,3.40e-03,
957,1.60e-02,-1.24e+00,4.00e-03,
958,1.60e-02,-1.20e+00,3.40e-03,
959,8.00e-03,-1.12e+00,4.00e-03,
960,8.00e-03,-1.24e+00,3.40e-03,
961,1.60e-02,-1.20e+00,4.20e-03,
962,8.00e-03,-1.24e+00,3.40e-03,
963,4.00e-03,-1.20e+00,4.20e-03,
964,1.20e-02,-1.24e+00,4.00e-03,
965,4.00e-03,-1.20e+00,3.60e-03,
966,8.00e-03,-1.20e+00,3.40e-03,
967,4.00e-03,-1.28e+00,4.00e-03,
968,8.00e-03,-1.20e+00,4.20e-03,
969,4.00e-03,-1.24e+00,3.60e-03,
970,1.20e-02,-1.20e+00,4.20e-03,
971,0.00e+00,-1.28e+00,3.60e-03,
972,4.00e-03,-1.20e+00,4.20e-03,
973,8.00e-03,-1.28e+00,3.60e-03,
974,8.00e-03,-1.20e+00,3.60e-03,
975,0.00e+00,-1.28e+00,4.20e-03,
976,4.00e-03,-1.20e+00,4.20e-03,
977,4.00e-03,-1.28e+00,3.60e-03,
978,4.00e-03,-1.20e+00,3.60e-03,
979,0.00e+00,-1.28e+00,4.20e-03,
980,4.00e-03,-1.20e+00,3.60e-03,
981,0.00e+00,-1.28e+00,4.20e-03,
982,4.00e-03,-1.20e+00,3.60e-03,
983,0.00e+00,-1.28e+00,4.20e-03,
984,4.00e-03,-1.20e+00,4.20e-03,
985,-4.00e-03,-1.28e+00,3.60e-03,
986,4.00e-03,-1.20e+00,4.20e-03,
987,-4.00e-03,-1.28e+00,3.60e-03,
988,0.00e+00,-1.28e+00,4.00e-03,
989,4.00e-03,-1.20e+00,3.40e-03,
990,4.00e-03,-1.20e+00,3.40e-03,
991,-4.00e-03,-1.28e+00,4.00e-03,
992,-4.00e-03,-1.20e+00,3.60e-03,
993,4.00e-03,-1.28e+00,4.00e-03,
994,4.00e-03,-1.20e+00,3.40e-03,
995,-4.00e-03,-1.28e+00,4.20e-03,
996,-4.00e-03,-1.24e+00,4.00e-03,
997,4.00e-03,-1.20e+00,3.40e-03,
998,4.00e-03,-1.20e+00,3.40e-03,
999,-4.00e-03,-1.24e+00,4.00e-03,
1000,-4.00e-03,-1.24e+00,3.80e-03,
1001,4.00e-03,-1.20e+00,3.20e-03,
1002,4.00e-03,-1.24e+00,3.60e-03,
1003,-4.00e-03,-1.20e+00,3.00e-03,
1004,4.00e-03,-1.12e+00,3.60e-03,
1005,-4.00e-03,-1.24e+00,3.20e-03,
1006,4.00e-03,-1.16e+00,3.80e-03,
1007,-4.00e-03,-1.24e+00,3.20e-03,
1008,-4.00e-03,-1.16e+00,3.40e-03,
1009,4.00e-03,-1.24e+00,3.00e-03,
1010,4.00e-03,-1.16e+00,3.40e-03,
1011,-4.00e-03,-1.16e+00,3.00e-03,
1012,-4.00e-03,-1.16e+00,3.00e-03,
1013,4.00e-03,-1.12e+00,3.60e-03,
1014,0.00e+00,-1.16e+00,2.80e-03,
1015,-4.00e-03,-1.08e+00,3.40e-03,
1016,4.00e-03,-1.16e+00,3.20e-03,
1017,-4.00e-03,-1.08e+00,2.80e-03,
1018,-4.00e-03,-1.08e+00,3.20e-03,
1019,4.00e-03,-1.16e+00,2.60e-03,
1020,4.00e-03,-1.08e+00,3.20e-03,
1021,-4.00e-03,-1.12e+00,2.60e-03,
1022,4.00e-03,-1.12e+00,3.00e-03,
1023,-4.00e-03,-1.08e+00,2.40e-03,
1024,-4.00e-03,-1.12e+00,2.80e-03,
1025,4.00e-03,-1.00e+00,2.20e-03,
1026,-4.00e-03,-1.00e+00,2.80e-03,
1027,4.00e-03,-1.12e+00,2.20e-03,
1028,4.00e-03,-1.04e+00,2.80e-03,
1029,-4.00e-03,-1.00e+00,2.00e-03,
1030,4.00e-03,-1.04e+00,2.60e-03,
1031,-4.00e-03,-9.60e-01,2.00e-03,
1032,-4.00e-03,-1.04e+00,2.40e-03,
1033,4.00e-03,-9.60e-01,1.80e-03,
1034,0.00e+00,-1.00e+00,1.60e-03,
1035,-4.00e-03,-9.60e-01,2.20e-03,
1036,4.00e-03,-1.00e+00,2.00e-03,
1037,-4.00e-03,-9.20e-01,1.60e-03,
1038,0.00e+00,-1.00e+00,1.80e-03,
1039,-4.00e-03,-8.80e-01,1.20e-03,
1040,-4.00e-03,-9.20e-01,1.80e-03,
1041,4.00e-03,-8.80e-01,1.20e-03,
1042,0.00e+00,-9.20e-01,1.60e-03,
1043,-4.00e-03,-8.40e-01,1.00e-03,
1044,0.00e+00,-9.20e-01,1.00e-03,
1045,-4.00e-03,-8.40e-01,1.60e-03,
1046,0.00e+00,-8.40e-01,1.40e-03,
1047,-4.00e-03,-8.80e-01,8.00e-04,
1048,-4.00e-03,-8.80e-01,1.20e-03,
1049,4.00e-03,-7.60e-01,6.00e-04,
1050,4.00e-03,-8.00e-01,6.00e-04,
1051,-4.00e-03,-7.60e-01,1.20e-03,
1052,0.00e+00,-8.00e-01,1.00e-03,
1053,-4.00e-03,-7.20e-01,2.00e-04,
1054,-4.00e-03,-7.20e-01,8.00e-04,
1055,4.00e-03,-8.00e-01,4.00e-04,
1056,0.00e+00,-7.20e-01,1.00e-03,
1057,-4.00e-03,-7.60e-01,2.00e-04,
1058,-4.00e-03,-7.60e-01,4.00e-04,
1059,0.00e+00,-6.40e-01,-2.00e-04,
1060,-4.00e-03,-6.40e-01,2.00e-04,
1061,0.00e+00,-7.20e-01,-4.00e-04,
1062,0.00e+00,-6.80e-01,0.00e+00,
1063,-8.00e-03,-6.00e-01,-4.00e-04,
1064,0.00e+00,-6.00e-01,0.00e+00,
1065,-8.00e-03,-6.80e-01,-8.00e-04,
1066,0.00e+00,-6.00e-01,-2.00e-04,
1067,-8.00e-03,-5.20e-01,-8.00e-04,
1068,0.00e+00,-6.40e-01,-2.00e-04,
1069,-8.00e-03,-5.20e-01,-1.00e-03,
1070,0.00e+00,-5.20e-01,-6.00e-04,
1071,-8.00e-03,-5.60e-01,-1.20e-03,
1072,-4.00e-03,-4.80e-01,-1.00e-03,
1073,0.00e+00,-5.60e-01,-6.00e-04,
1074,0.00e+00,-4.80e-01,-8.00e-04,
1075,-4.00e-03,-4.80e-01,-1.40e-03,
1076,0.00e+00,-5.20e-01,-1.40e-03,
1077,-8.00e-03,-4.00e-01,-8.00e-04,
1078,-4.00e-03,-4.00e-01,-1.00e-03,
1079,0.00e+00,-4.40e-01,-1.60e-03,
1080,0.00e+00,-3.60e-01,-1.20e-03,
1081,-8.00e-03,-4.40e-01,-1.80e-03,
1082,0.00e+00,-3.60e-01,-1.40e-03,
1083,-8.00e-03,-2.80e-01,-2.00e-03,
1084,-8.00e-03,-3.60e-01,-1.60e-03,
1085,0.00e+00,-2.80e-01,-2.40e-03,
1086,0.00e+00,-3.20e-01,-1.80e-03,
1087,-8.00e-03,-2.80e-01,-2.60e-03,
1088,-8.00e-03,-3.20e-01,-2.00e-03,
1089,0.00e+00,-2.00e-01,-2.80e-03,
1090,-8.00e-03,-2.40e-01,-2.20e-03,
1091,0.00e+00,-2.40e-01,-2.80e-03,
1092,-8.00e-03,-2.40e-01,-2.60e-03,
1093,0.00e+00,-1.60e-01,-3.00e-03,
1094,0.00e+00,-2.00e-01,-2.40e-03,
1095,-8.00e-03,-1.60e-01,-3.40e-03,
1096,-4.00e-03,-2.00e-01,-2.60e-03,
1097,-8.00e-03,-8.00e-02,-3.40e-03,
1098,-4.00e-03,-1.20e-01,-3.00e-03,
1099,-8.00e-03,-8.00e-02,-3.80e-03,
1100,-4.00e-03,-1.20e-01,-3.00e-03,
1101,-8.00e-03,-4.00e-02,-3.80e-03,
1102,-8.00e-03,-8.00e-02,-3.20e-03,
1103,-4.00e-03,0.00e+00,-3.80e-03,
1104,-4.00e-03,4.00e-02,-3.60e-03,
1105,-1.20e-02,-4.00e-02,-4.00e-03,
1106,-1.20e-02,0.00e+00,-4.00e-03,
1107,-4.00e-03,8.00e-02,-3.40e-03,
1108,-4.00e-03,8.00e-02,-4.20e-03,
1109,-1.20e-02,0.00e+00,-3.60e-03,
1110,-1.20e-02,4.00e-02,-3.80e-03,
1111,-4.00e-03,1.60e-01,-4.60e-03,
1112,-1.20e-02,1.20e-01,-4.60e-03,
1113,-8.00e-03,8.00e-02,-4.20e-03,
1114,-8.00e-03,1.20e-01,-4.40e-03,
1115,-1.20e-02,2.00e-01,-5.00e-03,
1116,-8.00e-03,1.20e-01,-4.60e-03,
1117,-1.60e-02,2.00e-01,-5.20e-03,
1118,-8.00e-03,1.60e-01,-4.60e-03,
1119,-1.60e-02,2.80e-01,-5.40e-03,
1120,-1.20e-02,2.80e-01,-4.80e-03,
1121,-1.60e-02,2.40e-01,-5.40e-03,
1122,-1.60e-02,2.40e-01,-5.00e-03,
1123,-1.60e-02,3.20e-01,-5.60e-03,
1124,-1.60e-02,3.20e-01,-5.00e-03,
1125,-2.00e-02,2.80e-01,-5.80e-03,
1126,-2.40e-02,3.20e-01,-5.00e-03,
1127,-1.60e-02,4.00e-01,-6.00e-03,
1128,-2.40e-02,3.60e-01,-6.00e-03,
1129,-1.60e-02,4.00e-01,-5.40e-03,
1130,-2.00e-02,3.60e-01,-5.40e-03,
1131,-2.80e-02,4.40e-01,-6.20e-03,
1132,-2.00e-02,4.00e-01,-6.20e-03,
1133,-2.80e-02,4.40e-01,-5.80e-03,
1134,-2.40e-02,4.00e-01,-6.40e-03,
1135,-3.20e-02,5.20e-01,-5.80e-03,
1136,-2.40e-02,4.80e-01,-6.40e-03,
1137,-3.20e-02,5.60e-01,-6.00e-03,
1138,-2.80e-02,4.80e-01,-6.00e-03,
1139,-3.60e-02,5.60e-01,-6.60e-03,
1140,-3.20e-02,5.60e-01,-6.20e-03,
1141,-4.00e-02,4.80e-01,-6.60e-03,
1142,-4.00e-02,5.60e-01,-6.80e-03,
1143,-3.60e-02,6.40e-01,-6.20e-03,
1144,-4.00e-02,6.00e-01,-7.00e-03,
1145,-4.80e-02,6.40e-01,-6.20e-03,
1146,-4.80e-02,6.00e-01,-6.20e-03,
1147,-5.60e-02,6.80e-01,-7.00e-03,
1148,-4.80e-02,6.80e-01,-7.00e-03,
1149,-6.00e-02,6.80e-01,-6.20e-03,
1150,-5.20e-02,6.80e-01,-6.80e-03,
1151,-6.00e-02,7.60e-01,-6.20e-03,
1152,-6.00e-02,7.60e-01,-6.80e-03,
1153,-6.40e-02,6.80e-01,-6.20e-03,
1154,-6.40e-02,7.20e-01,-6.00e-03,
1155,-7.20e-02,7.60e-01,-6.60e-03,
1156,-6.80e-02,8.00e-01,-6.40e-03,
1157,-8.00e-02,7.20e-01,-6.00e-03,
1158,-8.00e-02,8.00e-01,-5.80e-03,
1159,-7.20e-02,8.40e-01,-6.20e-03,
1160,-7.60e-02,8.00e-01,-6.20e-03,
1161,-8.40e-02,8.80e-01,-5.40e-03,
1162,-8.40e-02,8.80e-01,-5.80e-03,
1163,-9.20e-02,8.00e-01,-5.00e-03,
1164,-9.20e-02,8.40e-01,-5.40e-03,
1165,-8.80e-02,9.20e-01,-4.60e-03,
1166,-8.80e-02,9.60e-01,-5.20e-03,
1167,-9.60e-02,8.80e-01,-4.40e-03,
1168,-9.20e-02,9.20e-01,-4.80e-03,
1169,-9.60e-02,9.60e-01,-4.20e-03,
1170,-9.60e-02,9.20e-01,-4.40e-03,
1171,-8.80e-02,1.00e+00,-3.80e-03,
1172,-9.60e-02,1.00e+00,-4.20e-03,
1173,-8.80e-02,9.20e-01,-3.60e-03,
1174,-8.80e-02,9.60e-01,-3.80e-03,
1175,-8.00e-02,1.00e+00,-3.20e-03,
1176,-8.80e-02,9.60e-01,-3.20e-03,
1177,-7.60e-02,1.08e+00,-2.20e-03,
1178,-8.40e-02,9.60e-01,-2.60e-03,
1179,-7.20e-02,1.08e+00,-1.80e-03,
1180,-7.60e-02,1.04e+00,-2.20e-03,
1181,-6.80e-02,1.08e+00,-1.20e-03,
1182,-6.80e-02,1.04e+00,-1.00e-03,
1183,-6.00e-02,1.12e+00,-1.80e-03,
1184,-6.00e-02,1.12e+00,-1.40e-03,
1185,-4.80e-02,1.04e+00,-2.00e-04,
1186,-5.20e-02,1.08e+00,-6.00e-04,
1187,-4.40e-02,1.12e+00,4.00e-04,
1188,-4.80e-02,1.08e+00,0.00e+00,
1189,-3.20e-02,1.20e+00,1.00e-03,
1190,-3.60e-02,1.12e+00,8.00e-04,
1191,-2.80e-02,1.20e+00,1.40e-03,
1192,-3.20e-02,1.12e+00,1.40e-03,
1193,-2.40e-02,1.20e+00,1.00e-03,
1194,-2.00e-02,1.16e+00,1.00e-03,
1195,-2.80e-02,1.20e+00,1.60e-03,
1196,-2.40e-02,1.16e+00,1.00e-03,
1197,-1.60e-02,1.20e+00,1.80e-03,
1198,-1.60e-02,1.16e+00,1.60e-03,
1199,-2.40e-02,1.24e+00,2.40e-03,
